{
    "mean_accuracy": 0.8672846237731735,
    "std_accuracy": 0.005571109230245853
}