{
    "mean_accuracy": 0.8104000000000001,
    "std_accuracy": 0.009738583059151847
}