{
    "mean_accuracy": 0.7670999999999999,
    "std_accuracy": 0.007917701686727034
}