mean_accuracy,std_accuracy
0.8104000000000001,0.009738583059151847
0.6956,0.009799999999999972
0.7670999999999999,0.007917701686727034
0.8672846237731735,0.005571109230245853
